SHOT TYPE,FGM,FGA,FG%,3PM,3PA,3P%,EFG%,BLKA,FGM�%AST,FGM�%UAST
Alley Oop Dunk Shot,4,5,80,0,0,0,80,0,100,0
Alley Oop Layup shot,1,3,33.3,0,0,0,33.3,0,100,0
Cutting Dunk Shot,12,14,85.7,0,0,0,85.7,2,100,0
Cutting Finger Roll Layup Shot,6,6,100,0,0,0,100,0,100,0
Cutting Layup Shot,14,28,50,0,0,0,50,6,100,0
Driving Bank Hook Shot,0,2,0,0,0,0,0,0,0,0
Driving Dunk Shot,5,7,71.4,0,0,0,71.4,2,60,40
Driving Finger Roll Layup Shot,8,9,88.9,0,0,0,88.9,0,50,50
Driving Floating Bank Jump Shot,15,22,68.2,0,0,0,68.2,0,33.3,66.7
Driving Floating Jump Shot,27,63,42.9,0,0,0,42.9,5,33.3,66.7
Driving Hook Shot,4,10,40,0,0,0,40,0,75,25
Driving Layup Shot,44,85,51.8,0,0,0,51.8,16,25,75
Driving Reverse Dunk Shot,0,0,0,0,0,0,0,0,0,0
Driving Reverse Layup Shot,6,10,60,0,0,0,60,0,50,50
Dunk Shot,4,4,100,0,0,0,100,0,75,25
Fadeaway Jump Shot,1,6,16.7,0,1,0,16.7,1,0,100
Finger Roll Layup Shot,1,1,100,0,0,0,100,0,0,100
Floating Jump shot,9,13,69.2,0,0,0,69.2,0,77.8,22.2
Hook Bank Shot,0,1,0,0,0,0,0,0,0,0
Hook Shot,4,15,26.7,0,0,0,26.7,0,50,50
Jump Bank Shot,1,4,25,1,3,33.3,37.5,0,100,0
Jump Shot,96,228,42.1,77,188,41,59,3,92.7,7.3
Layup Shot,15,26,57.7,0,0,0,57.7,4,53.3,46.7
Pullup Jump shot,32,99,32.3,17,51,33.3,40.9,2,37.5,62.5
Putback Dunk Shot,2,2,100,0,0,0,100,0,0,100
Putback Layup Shot,10,16,62.5,0,0,0,62.5,0,0,100
Reverse Dunk Shot,3,3,100,0,0,0,100,0,100,0
Reverse Layup Shot,6,9,66.7,0,0,0,66.7,1,66.7,33.3
Running Alley Oop Layup Shot,1,1,100,0,0,0,100,0,100,0
Running Dunk Shot,5,5,100,0,0,0,100,0,20,80
Running Finger Roll Layup Shot,0,0,0,0,0,0,0,0,0,0
Running Jump Shot,5,9,55.6,3,6,50,72.2,0,60,40
Running Layup Shot,7,12,58.3,0,0,0,58.3,4,28.6,71.4
Running Pull-Up Jump Shot,4,10,40,3,9,33.3,55,0,0,100
Running Reverse Dunk Shot,0,0,0,0,0,0,0,0,0,0
Running Reverse Layup Shot,2,2,100,0,0,0,100,0,0,100
Step Back Jump shot,3,12,25,3,9,33.3,37.5,0,66.7,33.3
Tip Layup Shot,13,32,40.6,0,0,0,40.6,0,0,100
Turnaround Bank Hook Shot,1,1,100,0,0,0,100,0,100,0
Turnaround Fadeaway Bank Jump Shot,0,3,0,0,0,0,0,0,0,0
Turnaround Fadeaway shot,7,15,46.7,0,0,0,46.7,0,14.3,85.7
Turnaround Hook Shot,5,12,41.7,0,0,0,41.7,1,40,60
Turnaround Jump Shot,6,18,33.3,0,0,0,33.3,1,16.7,83.3
