SHOT TYPE,FGM,FGA,FG%,3PM,3PA,3P%,EFG%,BLKA,FGM %AST,FGM %UAST
Alley Oop Dunk Shot,0,0,0,0,0,0,0,0,0,0
Alley Oop Layup shot,1,2,50,0,0,0,50,0,100,0
Cutting Dunk Shot,4,4,100,0,0,0,100,0,100,0
Cutting Finger Roll Layup Shot,1,1,100,0,0,0,100,0,100,0
Cutting Layup Shot,7,9,77.8,0,0,0,77.8,1,100,0
Driving Bank Hook Shot,1,2,50,0,0,0,50,0,100,0
Driving Bank shot,0,1,0,0,0,0,0,0,0,0
Driving Dunk Shot,10,13,76.9,0,0,0,76.9,1,50,50
Driving Finger Roll Layup Shot,4,5,80,0,0,0,80,1,0,100
Driving Floating Bank Jump Shot,4,6,66.7,0,0,0,66.7,0,0,100
Driving Floating Jump Shot,6,10,60,0,0,0,60,0,33.3,66.7
Driving Hook Shot,5,12,41.7,0,0,0,41.7,0,60,40
Driving Layup Shot,38,75,50.7,0,0,0,50.7,16,26.3,73.7
Driving Reverse Dunk Shot,1,1,100,0,0,0,100,0,100,0
Driving Reverse Layup Shot,8,8,100,0,0,0,100,0,25,75
Dunk Shot,6,9,66.7,0,0,0,66.7,1,100,0
Fadeaway Bank shot,0,0,0,0,0,0,0,0,0,0
Fadeaway Jump Shot,4,7,57.1,0,0,0,57.1,0,25,75
Finger Roll Layup Shot,0,1,0,0,0,0,0,0,0,0
Floating Jump shot,4,9,44.4,0,0,0,44.4,0,0,100
Hook Bank Shot,1,3,33.3,0,0,0,33.3,0,100,0
Hook Shot,9,19,47.4,0,0,0,47.4,0,100,0
Jump Bank Shot,1,3,33.3,0,1,0,33.3,0,100,0
Jump Shot,115,333,34.5,73,207,35.3,45.5,7,86.1,13.9
Layup Shot,15,40,37.5,0,0,0,37.5,11,53.3,46.7
No Shot,20,32,62.5,0,2,0,62.5,3,70,30
Pullup Bank shot,1,1,100,0,0,0,100,0,0,100
Pullup Jump shot,21,55,38.2,3,12,25,40.9,1,14.3,85.7
Putback Dunk Shot,1,1,100,0,0,0,100,0,0,100
Putback Layup Shot,6,9,66.7,0,0,0,66.7,2,0,100
Reverse Dunk Shot,0,0,0,0,0,0,0,0,0,0
Reverse Layup Shot,1,4,25,0,0,0,25,0,0,100
Running Dunk Shot,3,3,100,0,0,0,100,0,66.7,33.3
Running Finger Roll Layup Shot,1,1,100,0,0,0,100,0,100,0
Running Jump Shot,2,7,28.6,0,3,0,28.6,1,50,50
Running Layup Shot,16,28,57.1,0,0,0,57.1,4,18.8,81.3
Running Pull-Up Jump Shot,0,1,0,0,1,0,0,0,0,0
Running Reverse Layup Shot,0,0,0,0,0,0,0,0,0,0
Step Back Bank Jump Shot,0,0,0,0,0,0,0,0,0,0
Step Back Jump shot,10,22,45.5,2,9,22.2,50,0,20,80
Tip Dunk Shot,0,0,0,0,0,0,0,0,0,0
Tip Layup Shot,4,9,44.4,0,0,0,44.4,0,0,100
Turnaround Bank Hook Shot,0,0,0,0,0,0,0,0,0,0
Turnaround Bank shot,1,1,100,0,0,0,100,0,0,100
Turnaround Fadeaway Bank Jump Shot,0,0,0,0,0,0,0,0,0,0
Turnaround Fadeaway shot,3,7,42.9,0,0,0,42.9,0,0,100
Turnaround Hook Shot,8,17,47.1,0,0,0,47.1,1,62.5,37.5
Turnaround Jump Shot,10,24,41.7,0,0,0,41.7,0,30,70
