SHOT TYPE,FGM,FGA,FG%,3PM,3PA,3P%,EFG%,BLKA,FGM %AST,FGM %UAST
Alley Oop Dunk Shot,40,44,90.9,0,0,0,90.9,1,100,0
Alley Oop Layup shot,17,34,50,0,0,0,50,2,100,0
Cutting Dunk Shot,47,51,92.2,0,0,0,92.2,2,100,0
Cutting Finger Roll Layup Shot,15,17,88.2,0,0,0,88.2,0,100,0
Cutting Layup Shot,62,81,76.5,0,0,0,76.5,4,100,0
Driving Bank Hook Shot,12,17,70.6,0,0,0,70.6,0,33.3,66.7
Driving Bank shot,10,19,52.6,0,0,0,52.6,0,20,80
Driving Dunk Shot,43,49,87.8,0,0,0,87.8,4,48.8,51.2
Driving Finger Roll Layup Shot,52,71,73.2,0,0,0,73.2,2,19.2,80.8
Driving Floating Bank Jump Shot,43,88,48.9,0,0,0,48.9,1,20.9,79.1
Driving Floating Jump Shot,138,309,44.7,0,2,0,44.7,25,21,79
Driving Hook Shot,54,99,54.5,0,0,0,54.5,3,29.6,70.4
Driving Layup Shot,318,528,60.2,0,0,0,60.2,71,18.6,81.4
Driving Reverse Dunk Shot,1,2,50,0,0,0,50,0,100,0
Driving Reverse Layup Shot,42,70,60,0,0,0,60,10,33.3,66.7
Dunk Shot,36,41,87.8,0,0,0,87.8,2,80.6,19.4
Fadeaway Bank shot,0,2,0,0,0,0,0,0,0,0
Fadeaway Jump Shot,39,97,40.2,2,6,33.3,41.2,3,10.3,89.7
Finger Roll Layup Shot,13,16,81.3,0,0,0,81.3,1,38.5,61.5
Floating Jump shot,77,147,52.4,1,4,25,52.7,2,31.2,68.8
Hook Bank Shot,6,7,85.7,0,0,0,85.7,0,66.7,33.3
Hook Shot,58,113,51.3,0,0,0,51.3,7,55.2,44.8
Jump Bank Shot,24,43,55.8,4,12,33.3,60.5,0,29.2,70.8
Jump Shot,887,"2,624",33.8,576,"1,653",34.8,44.8,93,82.1,17.9
Layup Shot,129,309,41.7,0,0,0,41.7,81,60.5,39.5
Pullup Bank shot,8,13,61.5,0,0,0,61.5,0,12.5,87.5
Pullup Jump shot,376,791,47.5,86,188,45.7,53,19,16.5,83.5
Putback Dunk Shot,9,9,100,0,0,0,100,0,11.1,88.9
Putback Layup Shot,60,86,69.8,0,0,0,69.8,1,0,100
Reverse Dunk Shot,2,2,100,0,0,0,100,0,50,50
Reverse Layup Shot,22,42,52.4,0,0,0,52.4,9,63.6,36.4
Running Alley Oop Dunk Shot,7,7,100,0,0,0,100,0,100,0
Running Alley Oop Layup Shot,5,8,62.5,0,0,0,62.5,0,100,0
Running Dunk Shot,56,58,96.6,0,0,0,96.6,0,50,50
Running Finger Roll Layup Shot,7,9,77.8,0,0,0,77.8,1,42.9,57.1
Running Jump Shot,46,107,43,26,60,43.3,55.1,8,67.4,32.6
Running Layup Shot,112,176,63.6,0,0,0,63.6,23,42.9,57.1
Running Pull-Up Jump Shot,19,36,52.8,13,28,46.4,70.8,1,10.5,89.5
Running Reverse Dunk Shot,0,0,0,0,0,0,0,0,0,0
Running Reverse Layup Shot,14,19,73.7,0,0,0,73.7,1,57.1,42.9
Step Back Bank Jump Shot,0,1,0,0,1,0,0,0,0,0
Step Back Jump shot,68,145,46.9,16,39,41,52.4,1,11.8,88.2
Tip Dunk Shot,15,16,93.8,0,0,0,93.8,0,0,100
Tip Layup Shot,51,160,31.9,0,0,0,31.9,1,0,100
Turnaround Bank Hook Shot,3,7,42.9,0,0,0,42.9,0,0,100
Turnaround Bank shot,4,6,66.7,0,0,0,66.7,0,0,100
Turnaround Fadeaway Bank Jump Shot,1,4,25,0,0,0,25,0,100,0
Turnaround Fadeaway shot,54,115,47,0,0,0,47,2,14.8,85.2
Turnaround Hook Shot,36,78,46.2,0,0,0,46.2,4,41.7,58.3
Turnaround Jump Shot,73,145,50.3,1,3,33.3,50.7,7,23.3,76.7
